"Time","Acclima Soil.EC_BULK.1.1","Acclima Soil.EC_PORE.1.1","Acclima Soil.Permitivity.1.1","Acclima Soil.Temperature.1.1","Acclima Soil.VWC.1.1","Kestrel.ALS.Blue.15","Kestrel.ALS.Clear.15","Kestrel.ALS.Green.15","Kestrel.ALS.IR.15","Kestrel.ALS.Red.15","Latitude","Longitude","Talon-Aux.PORT_1.0.3","Talon-Aux.PORT_1.1.3","Talon-Aux.PORT_1.2.3","Talon-Aux.PORT_1.3.3","Talon-Aux.PORT_2.0.3","Talon-Aux.PORT_2.1.3","Talon-Aux.PORT_2.2.3","Talon-Aux.PORT_2.3.3","Talon-Aux.PORT_3.0.3","Talon-Aux.PORT_3.1.3","Talon-Aux.PORT_3.2.3","Talon-Aux.PORT_3.3.3","Talon-Aux.START.3","Talon-Aux.STOP.3","Talon-SDI12.Apogee."
2024-07-01 09:38:05,0.000,0.000,1.600,25.800,0.000,1269.294,2135.438,1274.667,1024.160,615.610,,,16.125,210.422,0.000,0.000,16.125,209.099,0.000,0.000,16.688,209.694,0.000,0.000,0.000,1719844685.000,0.522
2024-07-01 09:39:03,0.000,0.000,1.700,25.900,0.000,1436.118,2591.842,1546.769,1152.840,756.951,,,320.594,256.128,0.000,0.000,323.281,257.478,0.000,0.000,260.250,248.979,0.000,0.000,1719844685.000,1719844743.000,0.524
2024-07-01 09:40:02,0.000,0.000,1.400,26.300,0.000,1616.471,2480.579,1534.615,1115.040,744.293,,,221.328,14.705,0.000,0.000,226.188,15.289,0.000,0.000,142.203,9.334,0.000,0.000,1719844743.000,1719844802.000,0.525
2024-07-01 09:41:02,0.000,0.000,1.400,26.400,0.000,1381.177,2289.544,1359.282,888.480,659.219,,,13.500,209.285,0.000,0.000,14.063,208.134,0.000,0.000,10.125,205.910,0.000,0.000,1719844802.000,1719844862.000,0.524
2024-07-01 09:42:02,0.000,0.000,1.100,26.400,0.000,1425.882,2314.316,1466.974,1121.280,686.244,,,321.125,256.121,0.000,0.000,324.250,257.523,0.000,0.000,237.203,16.240,0.000,0.000,1719844862.000,1719844922.000,0.519
2024-07-01 09:43:02,0.000,0.000,1.100,26.100,0.000,1572.441,2632.158,1634.462,1142.760,797.268,,,215.313,14.231,0.000,0.000,220.375,14.847,0.000,0.000,12.000,207.381,0.000,0.000,1719844922.000,1719844982.000,0.518
2024-07-01 09:43:58,0.000,0.000,1.100,25.700,0.000,1533.971,2542.632,1561.385,1083.000,756.951,,,17.625,212.310,0.000,0.000,18.188,211.153,0.000,0.000,235.828,16.121,0.000,0.000,1719844982.000,1719845038.000,0.515
2024-07-01 09:44:58,0.000,0.000,1.100,25.200,0.000,1489.941,2451.842,1496.769,1034.880,720.366,,,318.656,255.860,0.000,0.000,321.906,257.297,0.000,0.000,12.375,207.973,0.000,0.000,1719845038.000,1719845098.000,0.514
2024-07-01 09:45:58,0.000,0.000,1.100,24.600,0.000,1459.323,2360.947,1439.538,954.960,686.781,,,221.938,14.691,0.000,0.000,226.656,15.269,0.000,0.000,241.313,16.494,0.000,0.000,1719845098.000,1719845158.000,0.514
2024-07-01 10:34:36,,,,,,,,,,,44.983,-93.185,,,,,,,,,,,,,,,
2024-07-01 10:35:00,0.000,0.000,1.100,24.300,0.000,6.945,19.175,13.821,0.710,8.277,,,18.750,216.668,0.000,0.000,18.375,215.290,0.000,0.000,18.750,215.638,0.000,0.000,1719848082.000,1719848100.000,0.507
2024-07-01 10:35:48,0.000,0.000,1.100,24.200,0.000,7.017,19.174,13.831,0.703,8.267,,,338.063,260.854,0.000,0.000,339.719,262.092,0.000,0.000,292.750,256.167,0.000,0.000,1719848100.000,1719848148.000,0.507
2024-07-01 10:36:47,0.000,0.000,1.100,24.100,0.000,7.043,19.233,13.858,0.738,8.296,,,226.844,14.837,0.000,0.000,231.000,15.364,0.000,0.000,160.813,10.492,0.000,0.000,1719848148.000,1719848207.000,0.518
2024-07-01 10:37:47,0.000,0.000,1.100,24.000,0.000,7.151,19.495,14.056,0.748,8.399,,,13.125,213.466,0.000,0.000,13.500,212.353,0.000,0.000,10.313,210.652,0.000,0.000,1719848207.000,1719848267.000,0.519
2024-07-01 10:38:47,0.000,0.000,1.100,23.900,0.000,7.158,19.516,14.076,0.758,8.412,,,332.313,260.055,0.000,0.000,334.813,261.405,0.000,0.000,273.563,253.310,0.000,0.000,1719848267.000,1719848327.000,0.515
2024-07-01 10:39:47,0.000,0.000,1.100,23.800,0.000,7.106,19.320,13.960,0.740,8.340,,,226.938,14.846,0.000,0.000,230.984,15.359,0.000,0.000,160.734,10.480,0.000,0.000,1719848327.000,1719848387.000,0.514
2024-07-01 10:40:47,0.000,0.000,1.100,23.800,0.000,7.022,19.177,13.804,0.726,8.272,,,13.313,213.800,0.000,0.000,13.500,212.694,0.000,0.000,10.313,210.898,0.000,0.000,1719848387.000,1719848447.000,0.518
2024-07-01 10:41:47,0.000,0.000,1.100,23.700,0.000,6.885,18.635,13.479,0.715,8.051,,,332.688,260.223,0.000,0.000,335.094,261.565,0.000,0.000,274.500,253.567,0.000,0.000,1719848447.000,1719848507.000,0.511
2024-07-01 10:42:47,0.000,0.000,1.100,23.700,0.000,6.904,18.792,13.559,0.716,8.098,,,227.266,14.867,0.000,0.000,231.234,15.371,0.000,0.000,161.500,10.525,0.000,0.000,1719848507.000,1719848567.000,0.520
2024-07-01 10:43:47,0.000,0.000,1.100,23.600,0.000,6.846,18.957,13.505,0.729,8.164,,,13.125,213.819,0.000,0.000,13.313,212.681,0.000,0.000,10.313,211.006,0.000,0.000,1719848567.000,1719848627.000,0.507
2024-07-01 10:44:47,0.000,0.000,1.100,23.500,0.000,8.094,20.081,14.649,0.983,8.275,,,333.156,260.323,0.000,0.000,335.563,261.664,0.000,0.000,275.094,253.700,0.000,0.000,1719848627.000,1719848687.000,0.507
2024-07-01 10:45:25,0.000,0.000,1.100,23.500,0.000,6.972,19.002,13.683,0.745,8.184,,,231.734,15.193,0.000,0.000,234.609,15.618,0.000,0.000,191.797,12.686,0.000,0.000,1719848687.000,1719848725.000,0.508
2024-07-01 10:46:25,0.000,0.000,1.100,23.400,0.000,6.956,18.924,13.649,0.721,8.155,,,13.500,214.014,0.000,0.000,13.688,212.827,0.000,0.000,10.500,211.090,0.000,0.000,1719848725.000,1719848785.000,0.520
2024-07-01 10:47:25,0.000,0.000,1.100,23.400,0.000,6.913,18.885,13.598,0.743,8.114,,,333.375,260.424,0.000,0.000,335.594,261.770,0.000,0.000,275.813,253.878,0.000,0.000,1719848785.000,1719848845.000,0.519
2024-07-01 10:48:25,0.000,0.000,1.100,23.300,0.000,7.003,19.117,13.777,0.741,8.232,,,227.547,14.889,0.000,0.000,231.500,15.394,0.000,0.000,162.469,10.584,0.000,0.000,1719848845.000,1719848905.000,0.510
2024-07-01 10:49:25,0.000,0.000,1.100,23.300,0.000,7.007,19.110,13.793,0.728,8.226,,,13.313,214.036,0.000,0.000,13.500,212.854,0.000,0.000,10.313,211.154,0.000,0.000,1719848905.000,1719848965.000,0.519
2024-07-01 10:55:38,,,,,,,,,,,44.983,-93.185,,,,,,,,,,,,,,,
2024-07-01 10:56:08,0.000,0.000,1.200,24.200,0.000,11805.529,13796.842,15773.846,9769.440,6539.708,,,22.500,204.857,0.000,0.000,22.125,203.187,0.000,0.000,23.250,204.277,0.000,0.000,1719849350.000,1719849368.000,0.553
2024-07-01 10:56:46,0.000,0.000,1.200,25.000,0.000,11351.647,13796.842,14937.538,9877.920,6594.732,,,295.156,244.534,0.000,0.000,296.906,245.588,0.000,0.000,213.625,14.956,0.000,0.000,1719849368.000,1719849406.000,0.570
2024-07-01 10:57:46,0.000,0.000,1.200,26.300,0.000,11056.941,13796.842,13626.770,9264.000,7058.049,,,181.188,12.146,0.000,0.000,188.656,12.894,0.000,0.000,11.250,191.593,0.000,0.000,1719849406.000,1719849466.000,0.609
2024-07-01 10:58:46,0.000,0.000,1.200,27.600,0.000,10881.177,13796.842,14665.538,9287.040,7829.268,,,23.063,199.113,0.000,0.000,24.938,198.945,0.000,0.000,65.055,3.872,0.000,0.000,1719849466.000,1719849526.000,0.637
2024-07-01 10:59:46,0.000,0.000,1.100,28.800,0.000,10256.471,13796.842,13565.846,9224.160,7977.366,,,217.781,14.712,0.000,0.000,227.703,15.703,0.000,0.000,11.063,189.166,0.000,0.000,1719849526.000,1719849586.000,0.660
2024-07-01 11:00:46,0.000,0.000,1.100,30.000,0.000,8896.941,13796.842,11075.692,9048.480,6466.244,,,21.375,196.469,0.000,0.000,23.813,196.625,0.000,0.000,26.438,199.080,0.000,0.000,1719849586.000,1719849646.000,0.684
2024-07-01 11:01:46,0.000,0.000,1.300,30.600,0.000,477.618,735.702,449.000,564.320,234.537,,,219.266,14.678,0.000,0.000,231.953,15.831,0.000,0.000,32.063,204.437,0.000,0.000,1719849646.000,1719849706.000,0.695
2024-07-01 11:02:46,0.000,0.000,1.300,31.600,0.000,10928.117,13796.842,11565.230,9079.200,8647.024,,,20.813,200.033,0.000,0.000,23.250,200.284,0.000,0.000,0.000,0.000,0.000,0.000,1719849706.000,1719849766.000,0.699
2024-07-01 11:03:46,0.000,0.000,1.300,33.300,0.000,10457.647,13796.842,14237.230,9977.280,8441.269,,,266.156,235.946,0.000,0.000,276.844,238.311,0.000,0.000,102.375,6.495,0.000,0.000,1719849766.000,1719849826.000,0.724
2024-07-01 11:04:46,0.000,0.000,1.300,34.700,0.000,12816.353,13796.842,13889.230,10229.760,6961.463,,,164.859,10.696,0.000,0.000,176.609,11.704,0.000,0.000,11.250,194.563,0.000,0.000,1719849826.000,1719849886.000,0.743
2024-07-01 11:05:46,0.000,0.000,1.300,35.600,0.000,12220.941,13796.842,11463.385,8987.040,6650.341,,,20.625,201.398,0.000,0.000,23.250,201.658,0.000,0.000,63.156,3.697,0.000,0.000,1719849886.000,1719849946.000,0.760
2024-07-01 11:06:46,0.000,0.000,1.300,36.400,0.000,10601.294,13796.842,10918.462,9089.760,7529.268,,,240.172,16.084,0.000,0.000,264.719,235.412,0.000,0.000,11.813,193.792,0.000,0.000,1719849946.000,1719850006.000,0.776
2024-07-01 11:07:46,0.000,0.000,1.300,36.900,0.000,1539.882,2343.474,1373.231,1190.280,613.098,,,20.250,201.287,0.000,0.000,189.063,12.612,0.000,0.000,0.000,0.000,0.000,0.000,1719850006.000,1719850066.000,0.774
2024-07-01 11:08:46,0.000,0.000,1.300,37.200,0.000,1554.529,2315.474,5041.154,1244.760,616.244,,,271.656,238.800,0.000,0.000,26.813,204.136,0.000,0.000,114.922,7.448,0.000,0.000,1719850066.000,1719850126.000,0.751
2024-07-01 11:09:46,0.000,0.000,1.300,36.200,0.000,1707.529,2627.842,1583.385,1333.920,712.244,,,179.578,11.927,0.000,0.000,275.313,241.436,0.000,0.000,12.000,195.771,0.000,0.000,1719850126.000,1719850186.000,0.726
2024-07-01 11:10:46,0.000,0.000,1.300,35.800,0.000,1738.588,2765.684,1671.385,1492.080,771.219,,,22.500,204.483,0.000,0.000,206.594,14.149,0.000,0.000,132.875,8.776,0.000,0.000,1719850186.000,1719850246.000,0.707
2024-07-01 12:13:27,,,,,,,,,,,44.991,-93.178,,,,,,,,,,,,,,,
2024-07-01 12:13:51,0.000,0.000,1.100,29.400,0.000,11931.529,13796.842,14386.154,10447.200,7340.488,,,14.813,201.513,0.000,0.000,14.813,199.975,0.000,0.000,15.188,200.697,0.000,0.000,1719854013.000,1719854031.000,0.624
2024-07-01 12:14:33,0.000,0.000,1.200,29.500,0.000,13519.412,13796.842,14337.538,10326.240,8313.658,,,292.031,243.889,0.000,0.000,294.469,245.067,0.000,0.000,202.625,14.092,0.000,0.000,1719854031.000,1719854073.000,0.636
2024-07-01 12:15:32,0.000,0.000,1.200,30.200,0.000,12516.706,13796.842,15160.308,11078.400,7884.878,,,180.453,12.018,0.000,0.000,188.422,12.818,0.000,0.000,11.063,191.843,0.000,0.000,1719854073.000,1719854132.000,0.658
2024-07-01 12:16:32,0.000,0.000,1.200,30.900,0.000,11496.353,13796.842,16236.000,11433.600,8494.244,,,21.563,198.403,0.000,0.000,23.625,198.299,0.000,0.000,0.000,0.000,0.000,0.000,1719854132.000,1719854192.000,0.676
2024-07-01 12:17:32,0.000,0.000,1.200,31.700,0.000,12924.706,13796.842,13592.615,10198.080,8968.098,,,233.547,15.802,0.000,0.000,256.813,232.012,0.000,0.000,62.734,3.672,0.000,0.000,1719854192.000,1719854252.000,0.693
2024-07-01 12:18:32,0.000,0.000,1.200,32.300,0.000,12972.353,13796.842,14463.077,10215.360,7686.732,,,13.688,191.229,0.000,0.000,155.203,10.198,0.000,0.000,10.313,187.746,0.000,0.000,1719854252.000,1719854312.000,0.707
2024-07-01 12:19:33,0.000,0.000,1.200,32.800,0.000,10581.177,13796.842,14606.770,11125.920,7167.512,,,208.859,13.833,0.000,0.000,21.000,194.464,0.000,0.000,17.063,192.814,0.000,0.000,1719854312.000,1719854373.000,0.714
2024-07-01 12:20:33,0.000,0.000,1.200,33.100,0.000,8959.765,13796.842,13337.846,11135.520,8219.415,,,18.188,195.290,0.000,0.000,226.891,15.297,0.000,0.000,16.313,193.575,0.000,0.000,1719854373.000,1719854433.000,0.719
2024-07-01 12:21:33,141.000,861.000,17.100,33.200,30.700,7318.059,6898.421,10082.308,10028.400,6350.634,,,206.984,13.600,0.000,0.000,22.125,196.377,0.000,0.000,15.188,192.665,0.000,0.000,1719854433.000,1719854493.000,0.724
2024-07-01 12:22:33,140.000,844.000,17.300,32.700,30.900,8721.883,13796.842,14247.692,10592.160,8478.146,,,19.875,195.694,0.000,0.000,230.047,15.489,0.000,0.000,15.563,191.502,0.000,0.000,1719854493.000,1719854553.000,0.737
2024-07-01 12:23:33,136.000,980.000,15.100,32.300,27.700,8904.000,13796.842,12929.846,9167.520,8089.756,,,203.797,13.418,0.000,0.000,20.813,193.200,0.000,0.000,14.063,189.835,0.000,0.000,1719854553.000,1719854613.000,0.752
2024-07-01 12:24:32,138.000,829.000,17.300,32.000,31.000,8742.000,13796.842,11983.692,9988.800,7073.561,,,16.500,193.513,0.000,0.000,216.469,14.458,0.000,0.000,12.938,190.453,0.000,0.000,1719854613.000,1719854672.000,0.763
2024-07-01 12:25:32,137.000,823.000,17.300,31.600,31.000,9423.177,13796.842,12843.077,10543.680,6976.976,,,198.891,12.942,0.000,0.000,20.250,193.900,0.000,0.000,13.500,190.276,0.000,0.000,1719854672.000,1719854733.000,0.775
2024-07-01 12:26:32,134.000,805.000,17.300,31.400,31.000,10450.588,13796.842,14452.615,11564.640,8003.415,,,16.688,192.697,0.000,0.000,215.641,14.393,0.000,0.000,12.938,189.516,0.000,0.000,1719854733.000,1719854793.000,0.784
2024-07-01 12:27:32,180.000,951.000,19.100,30.900,33.500,9194.117,13796.842,9911.692,8451.360,4881.366,,,196.094,12.719,0.000,0.000,19.313,194.193,0.000,0.000,12.750,190.764,0.000,0.000,1719854793.000,1719854853.000,0.787
2024-07-01 12:28:32,178.000,937.000,19.200,30.900,33.500,9189.529,13796.842,10769.538,8368.800,5329.171,,,15.938,194.046,0.000,0.000,225.734,15.019,0.000,0.000,12.750,191.134,0.000,0.000,1719854853.000,1719854913.000,0.800
2024-07-01 12:29:32,178.000,937.000,19.200,30.800,33.500,9715.059,13796.842,10942.154,8103.360,5385.366,,,204.547,13.247,0.000,0.000,19.500,194.631,0.000,0.000,13.125,191.288,0.000,0.000,1719854913.000,1719854972.000,0.813
2024-07-01 12:30:32,174.000,916.000,19.200,30.900,33.500,10038.353,13796.842,10611.692,8479.680,5444.488,,,16.500,193.778,0.000,0.000,223.328,14.836,0.000,0.000,13.125,190.654,0.000,0.000,1719854972.000,1719855032.000,0.823
2024-07-01 12:31:32,180.000,1157.000,16.400,31.000,29.800,2961.706,4985.369,3065.385,2150.640,1515.805,,,200.172,12.942,0.000,0.000,20.063,194.947,0.000,0.000,12.938,191.249,0.000,0.000,1719855032.000,1719855092.000,0.835
2024-07-01 12:32:32,232.000,1578.000,15.800,30.800,28.700,2554.677,3449.210,5041.154,7864.200,4795.244,,,18.563,195.904,0.000,0.000,233.422,15.760,0.000,0.000,15.375,192.894,0.000,0.000,1719855092.000,1719855152.000,0.822
2024-07-01 12:33:32,222.000,1505.000,15.800,30.900,28.800,7663.765,13796.842,10461.538,7562.400,6879.805,,,222.016,14.591,0.000,0.000,22.313,197.112,0.000,0.000,17.250,194.684,0.000,0.000,1719855152.000,1719855212.000,0.822
2024-07-01 12:34:32,221.000,1493.000,15.800,31.000,28.900,7004.471,13796.842,8956.615,7083.360,5899.024,,,17.438,195.968,0.000,0.000,239.344,16.049,0.000,0.000,15.375,193.825,0.000,0.000,1719855212.000,1719855273.000,0.822
2024-07-01 12:35:32,219.000,1474.000,15.900,31.000,28.900,6471.882,13796.842,8244.308,7778.400,5424.878,,,221.156,14.502,0.000,0.000,21.938,197.353,0.000,0.000,16.688,194.867,0.000,0.000,1719855273.000,1719855333.000,0.820
2024-07-01 12:36:32,219.000,1464.000,16.000,31.100,29.000,6238.588,12553.053,8010.769,7224.480,4922.049,,,18.750,197.058,0.000,0.000,243.109,16.352,0.000,0.000,18.188,195.917,0.000,0.000,1719855333.000,1719855393.000,0.825
2024-07-01 12:37:32,217.000,1451.000,16.000,31.100,29.000,7156.941,13679.789,9518.462,7489.440,6155.415,,,227.219,14.980,0.000,0.000,23.438,198.700,0.000,0.000,20.625,197.667,0.000,0.000,1719855393.000,1719855453.000,0.826
2024-07-01 12:38:32,187.000,1250.000,16.000,30.900,29.000,1635.177,2941.333,1878.974,1732.480,972.098,,,19.313,197.864,0.000,0.000,260.344,231.380,0.000,0.000,21.375,198.615,0.000,0.000,1719855453.000,1719855513.000,0.818
2024-07-01 12:39:33,179.000,1177.000,16.200,31.000,29.300,11788.941,13796.842,14417.846,10464.480,8672.488,,,230.938,15.180,0.000,0.000,171.250,11.127,0.000,0.000,26.250,201.166,0.000,0.000,1719855513.000,1719855573.000,0.813
2024-07-01 12:40:33,180.000,1176.000,16.200,31.400,29.500,11221.765,13796.842,13073.846,8968.800,7919.122,,,17.625,196.097,0.000,0.000,21.938,197.499,0.000,0.000,14.625,193.692,0.000,0.000,1719855573.000,1719855633.000,0.817
2024-07-01 12:41:33,179.000,1166.000,16.300,31.600,29.500,13068.000,13796.842,13965.538,8672.640,7846.537,,,221.297,14.475,0.000,0.000,240.813,16.096,0.000,0.000,18.563,195.420,0.000,0.000,1719855633.000,1719855693.000,0.823
2024-07-01 12:42:33,179.000,1162.000,16.300,31.700,29.600,9981.177,13796.842,11293.846,7810.560,6219.805,,,16.875,195.649,0.000,0.000,21.375,197.326,0.000,0.000,13.125,192.749,0.000,0.000,1719855693.000,1719855753.000,0.828
2024-07-01 12:43:33,179.000,1162.000,16.300,31.800,29.600,8258.117,13796.842,9829.230,9432.480,5589.659,,,221.953,14.495,0.000,0.000,242.359,16.174,0.000,0.000,18.750,196.302,0.000,0.000,1719855753.000,1719855813.000,0.829
2024-07-01 12:44:32,162.000,1160.000,15.200,31.300,27.800,9273.177,13796.842,10761.538,8354.400,6098.634,,,19.313,197.624,0.000,0.000,24.375,199.731,0.000,0.000,16.500,195.334,0.000,0.000,1719855813.000,1719855873.000,0.813
2024-07-01 12:45:32,160.000,1141.000,15.200,31.200,27.900,10147.059,13796.842,12501.230,9194.400,7855.024,,,235.094,15.614,0.000,0.000,265.625,232.931,0.000,0.000,0.000,0.000,0.000,0.000,1719855873.000,1719855933.000,0.811
2024-07-01 12:46:33,159.000,1130.000,15.200,31.100,28.000,8311.765,13796.842,10709.538,7217.760,5896.098,,,21.000,199.588,0.000,0.000,179.156,11.800,0.000,0.000,32.813,206.183,0.000,0.000,1719855933.000,1719855993.000,0.813
2024-07-01 12:47:33,158.000,1115.000,15.300,31.000,28.100,9891.883,13796.842,11747.077,7814.400,6031.902,,,239.797,15.932,0.000,0.000,25.875,201.353,0.000,0.000,0.000,0.000,0.000,0.000,1719855993.000,1719856053.000,0.813
2024-07-01 12:48:33,159.000,1122.000,15.300,30.900,28.100,10197.883,13796.842,10788.000,8473.920,6890.049,,,21.375,200.188,0.000,0.000,271.969,234.435,0.000,0.000,0.000,0.000,0.000,0.000,1719856053.000,1719856113.000,0.812
2024-07-01 12:49:33,217.000,1481.000,15.700,30.400,28.700,8576.471,13796.842,10248.000,9823.680,7351.610,,,243.406,16.165,0.000,0.000,182.156,11.987,0.000,0.000,0.000,0.000,0.000,0.000,1719856113.000,1719856173.000,0.804
2024-07-01 12:50:33,209.000,1402.000,15.900,30.200,29.000,8137.059,13796.842,11761.538,9568.320,6552.000,,,20.813,199.761,0.000,0.000,25.125,201.297,0.000,0.000,33.000,207.044,0.000,0.000,1719856173.000,1719856233.000,0.802
2024-07-01 12:51:33,210.000,1404.000,16.000,30.000,29.000,10039.059,13796.842,12166.770,9322.080,6344.780,,,241.859,15.982,0.000,0.000,271.750,233.966,0.000,0.000,0.000,0.000,0.000,0.000,1719856233.000,1719856293.000,0.802
2024-07-01 12:52:33,209.000,1397.000,16.000,30.000,29.000,10615.412,13796.842,11175.692,9190.080,7285.171,,,20.625,199.715,0.000,0.000,178.469,11.660,0.000,0.000,33.375,206.963,0.000,0.000,1719856293.000,1719856353.000,0.803
2024-07-01 12:53:33,207.000,1384.000,16.000,30.000,29.000,9931.412,13796.842,13410.462,10779.840,7504.976,,,238.563,15.730,0.000,0.000,24.188,200.312,0.000,0.000,29.250,204.249,0.000,0.000,1719856353.000,1719856413.000,0.801
2024-07-01 12:54:32,41.000,893.000,7.700,29.900,14.100,10757.647,13796.842,13438.462,10971.360,6496.098,,,20.250,198.936,0.000,0.000,266.688,232.592,0.000,0.000,26.063,202.126,0.000,0.000,1719856413.000,1719856473.000,0.802
2024-07-01 12:55:32,368.000,1889.000,19.600,30.100,34.000,8665.235,3653.790,10082.308,2308.080,1075.610,,,232.922,15.347,0.000,0.000,172.641,11.231,0.000,0.000,26.625,201.072,0.000,0.000,1719856473.000,1719856533.000,0.792
2024-07-01 12:56:32,357.000,1994.000,18.300,30.100,32.400,9860.471,13796.842,13831.692,11697.600,8719.024,,,18.563,195.948,0.000,0.000,22.500,197.288,0.000,0.000,14.813,192.898,0.000,0.000,1719856533.000,1719856593.000,0.787
2024-07-01 12:57:32,353.000,1966.000,18.400,30.100,32.400,9656.117,13796.842,12858.462,11284.800,9199.317,,,217.078,14.233,0.000,0.000,236.844,15.854,0.000,0.000,17.063,193.397,0.000,0.000,1719856593.000,1719856653.000,0.789
2024-07-01 12:58:32,351.000,1949.000,18.400,30.100,32.500,9494.823,13796.842,11767.692,10679.040,8264.488,,,17.438,193.673,0.000,0.000,21.938,192.979,0.000,0.000,12.563,190.090,0.000,0.000,1719856653.000,1719856713.000,0.790
2024-07-01 12:59:33,354.000,1966.000,18.400,29.900,32.500,11306.471,13796.842,13672.308,11648.640,8213.269,,,203.078,13.215,0.000,0.000,225.031,15.002,0.000,0.000,14.813,190.876,0.000,0.000,1719856713.000,1719856773.000,0.792
2024-07-01 13:00:33,351.000,1949.000,18.400,29.800,32.500,11715.883,13796.842,15639.077,11760.480,8281.171,,,17.250,192.034,0.000,0.000,22.125,193.874,0.000,0.000,12.375,188.421,0.000,0.000,1719856773.000,1719856833.000,0.798
2024-07-01 13:01:33,348.000,1938.000,18.400,29.800,32.400,11018.471,13796.842,14880.615,11477.280,9039.220,,,186.688,12.105,0.000,0.000,210.219,14.001,0.000,0.000,14.063,188.184,0.000,0.000,1719856833.000,1719856893.000,0.807
2024-07-01 13:02:33,259.000,1804.000,15.500,29.900,28.300,10634.471,13796.842,13175.692,10295.520,9465.658,,,15.188,191.471,0.000,0.000,20.250,193.518,0.000,0.000,11.813,188.887,0.000,0.000,1719856893.000,1719856953.000,0.814
2024-07-01 13:03:33,252.000,1749.000,15.500,30.400,28.400,10036.941,13796.842,14329.538,11656.800,9853.756,,,193.422,12.489,0.000,0.000,218.344,14.456,0.000,0.000,13.688,190.176,0.000,0.000,1719856953.000,1719857013.000,0.818
2024-07-01 13:04:32,252.000,1749.000,15.500,30.800,28.400,9766.588,13796.842,13232.923,9849.120,8745.073,,,15.750,192.867,0.000,0.000,20.625,194.786,0.000,0.000,12.000,189.936,0.000,0.000,1719857013.000,1719857072.000,0.822
2024-07-01 13:05:32,252.000,1749.000,15.500,30.900,28.400,9098.117,13796.842,11617.846,7572.000,7101.366,,,203.922,13.252,0.000,0.000,227.109,15.134,0.000,0.000,14.438,191.389,0.000,0.000,1719857072.000,1719857132.000,0.825
2024-07-01 13:06:32,252.000,1743.000,15.600,31.000,28.400,10210.235,13796.842,12344.615,7789.920,7430.927,,,17.063,194.307,0.000,0.000,22.125,196.414,0.000,0.000,12.563,190.978,0.000,0.000,1719857132.000,1719857192.000,0.828
2024-07-01 13:07:32,213.000,1463.000,15.600,31.000,28.600,2604.706,3775.263,2600.000,2298.720,1159.902,,,213.766,14.010,0.000,0.000,235.484,15.794,0.000,0.000,16.500,193.368,0.000,0.000,1719857192.000,1719857252.000,0.819
2024-07-01 13:08:32,211.000,1430.000,15.800,30.700,28.800,9074.471,13796.842,10235.077,8700.480,6342.146,,,18.375,196.027,0.000,0.000,23.438,197.990,0.000,0.000,14.625,193.106,0.000,0.000,1719857252.000,1719857312.000,0.817
2024-07-01 13:09:33,208.000,1405.000,15.800,30.800,28.900,9586.588,13796.842,11030.154,8372.160,6236.488,,,224.047,14.751,0.000,0.000,256.000,229.807,0.000,0.000,21.563,197.656,0.000,0.000,1719857312.000,1719857373.000,0.823
2024-07-01 13:10:33,207.000,1393.000,15.900,30.800,28.900,10508.117,13796.842,11035.077,9297.600,5556.000,,,19.125,197.208,0.000,0.000,168.547,10.950,0.000,0.000,17.813,195.541,0.000,0.000,1719857373.000,1719857433.000,0.829
2024-07-01 13:11:33,207.000,1384.000,16.000,30.900,29.000,10248.353,13796.842,10401.846,10449.120,5818.829,,,225.734,14.809,0.000,0.000,23.063,198.272,0.000,0.000,17.625,195.601,0.000,0.000,1719857433.000,1719857493.000,0.834
2024-07-01 13:12:33,205.000,1371.000,16.000,30.900,29.000,8852.471,13796.842,9896.923,9446.400,5899.610,,,18.375,196.884,0.000,0.000,256.938,229.774,0.000,0.000,17.063,195.404,0.000,0.000,1719857493.000,1719857553.000,0.841
2024-07-01 13:13:33,392.000,2278.000,17.800,31.000,31.600,7705.765,13796.842,10000.615,9052.320,5973.366,,,226.297,14.857,0.000,0.000,167.313,10.842,0.000,0.000,21.188,197.761,0.000,0.000,1719857553.000,1719857613.000,0.842
2024-07-01 13:13:50,383.000,2218.000,17.800,31.100,31.700,8916.000,13796.842,10846.462,8439.840,6066.439,,,18.000,196.673,0.000,0.000,19.125,196.203,0.000,0.000,212.563,14.283,0.000,0.000,1719857613.000,1719857630.000,0.837
2024-07-01 13:15:08,378.000,2183.000,17.900,31.000,31.700,9189.529,13796.842,11264.923,8461.920,5853.659,,,25.125,201.344,0.000,0.000,29.438,202.813,0.000,0.000,26.438,201.144,0.000,0.000,1719857654.000,1719857708.000,0.825
2024-07-01 13:16:08,376.000,2171.000,17.900,31.100,31.700,8727.883,13656.632,11577.846,8637.600,5579.122,,,238.438,15.816,0.000,0.000,268.406,231.554,0.000,0.000,0.000,0.000,0.000,0.000,1719857708.000,1719857768.000,0.818
2024-07-01 13:17:08,378.000,2183.000,17.900,31.100,31.700,8245.765,12693.053,10519.385,7826.400,4959.805,,,21.000,199.607,0.000,0.000,179.063,11.763,0.000,0.000,31.500,205.475,0.000,0.000,1719857768.000,1719857828.000,0.814
2024-07-01 13:18:08,376.000,2171.000,17.900,31.200,31.700,9489.177,13796.842,12196.000,8420.640,5505.951,,,239.594,15.857,0.000,0.000,25.313,201.026,0.000,0.000,31.500,205.607,0.000,0.000,1719857828.000,1719857888.000,0.808
2024-07-01 13:19:08,310.000,2122.000,15.700,31.200,28.600,9796.235,13796.842,11370.770,8537.760,5355.512,,,21.563,198.883,0.000,0.000,270.125,232.591,0.000,0.000,29.438,202.896,0.000,0.000,1719857888.000,1719857948.000,0.804
2024-07-01 13:20:07,306.000,2067.000,15.800,31.400,28.900,7716.353,13132.000,9660.308,7023.360,5135.122,,,228.219,15.026,0.000,0.000,169.734,11.021,0.000,0.000,21.938,196.906,0.000,0.000,1719857948.000,1719858008.000,0.790
2024-07-01 13:21:07,303.000,2033.000,15.900,31.400,29.000,8008.941,13796.842,9651.077,7442.400,5577.366,,,17.813,195.555,0.000,0.000,22.688,197.272,0.000,0.000,13.500,192.170,0.000,0.000,1719858008.000,1719858068.000,0.771
2024-07-01 13:22:07,300.000,2000.000,16.000,31.300,29.100,8407.059,13796.842,9637.538,8095.200,5192.195,,,217.016,14.158,0.000,0.000,237.953,15.871,0.000,0.000,16.688,194.104,0.000,0.000,1719858068.000,1719858128.000,0.763
2024-07-01 13:23:07,301.000,1999.000,16.000,31.300,29.200,7731.176,13796.842,9290.770,7577.760,4877.854,,,17.625,195.737,0.000,0.000,22.500,197.544,0.000,0.000,13.125,192.246,0.000,0.000,1719858128.000,1719858188.000,0.759
2024-07-01 13:24:07,302.000,1999.000,16.100,31.400,29.200,6161.647,11160.632,7347.077,5935.680,3927.219,,,218.875,14.266,0.000,0.000,239.875,15.982,0.000,0.000,16.875,194.648,0.000,0.000,1719858188.000,1719858248.000,0.751
2024-07-01 13:25:08,356.000,2013.000,18.100,31.200,32.100,5876.824,10615.579,6907.692,5670.240,3640.683,,,18.750,197.156,0.000,0.000,24.000,199.184,0.000,0.000,14.250,193.746,0.000,0.000,1719858248.000,1719858308.000,0.745
2024-07-01 13:26:08,351.000,1978.000,18.200,31.000,32.200,7044.000,12416.842,8566.770,6953.280,4437.073,,,229.594,15.083,0.000,0.000,261.719,231.158,0.000,0.000,23.625,199.875,0.000,0.000,1719858308.000,1719858368.000,0.740
2024-07-01 13:27:08,351.000,1984.000,18.100,31.000,32.100,6450.353,11674.737,7794.154,6304.800,4164.878,,,20.438,198.946,0.000,0.000,172.453,11.206,0.000,0.000,19.875,197.725,0.000,0.000,1719858368.000,1719858428.000,0.739
2024-07-01 13:28:08,350.000,1973.000,18.200,30.900,32.200,5832.706,10667.158,6964.000,5654.400,3690.439,,,232.344,15.253,0.000,0.000,25.125,200.527,0.000,0.000,20.813,198.508,0.000,0.000,1719858428.000,1719858488.000,0.732
2024-07-01 13:29:08,348.000,1956.000,18.200,30.900,32.300,6262.588,11816.211,7669.846,6062.880,4095.219,,,20.813,199.276,0.000,0.000,265.781,231.849,0.000,0.000,21.750,199.349,0.000,0.000,1719858488.000,1719858548.000,0.729
2024-07-01 13:30:08,0.000,0.000,1.000,30.800,0.000,4944.706,6898.421,4952.769,4877.760,2408.049,,,235.047,15.510,0.000,0.000,174.750,11.404,0.000,0.000,29.063,203.493,0.000,0.000,1719858548.000,1719858608.000,0.723
2024-07-01 13:31:08,259.000,1848.000,15.200,30.500,27.900,6306.353,11730.105,7799.692,6185.280,4213.171,,,21.563,197.739,0.000,0.000,25.688,201.076,0.000,0.000,26.438,201.996,0.000,0.000,1719858608.000,1719858668.000,0.699
2024-07-01 13:32:08,255.000,1794.000,15.400,30.100,28.100,5778.000,10872.632,6954.154,5521.920,3762.439,,,242.172,16.249,0.000,0.000,269.531,235.193,0.000,0.000,0.000,0.000,0.000,0.000,1719858668.000,1719858728.000,0.697
2024-07-01 13:33:08,253.000,1780.000,15.400,29.700,28.100,5339.647,9524.632,6305.539,5039.520,3331.610,,,22.688,201.120,0.000,0.000,186.641,12.491,0.000,0.000,63.359,3.727,0.000,0.000,1719858728.000,1719858788.000,0.693
2024-07-01 13:34:08,251.000,1760.000,15.400,29.300,28.200,5692.235,10498.315,6759.077,5365.920,3635.707,,,232.328,15.602,0.000,0.000,16.313,195.792,0.000,0.000,10.875,192.731,0.000,0.000,1719858788.000,1719858848.000,0.686
2024-07-01 13:35:08,253.000,1780.000,15.400,29.100,28.100,7064.824,12590.315,8403.692,6624.960,4578.146,,,22.313,201.929,0.000,0.000,273.406,237.506,0.000,0.000,66.891,3.975,0.000,0.000,1719858848.000,1719858908.000,0.685
2024-07-01 13:36:08,250.000,1741.000,15.500,29.100,28.300,6848.471,12429.685,8404.000,6652.800,4600.098,,,239.422,16.017,0.000,0.000,175.984,11.647,0.000,0.000,11.438,194.257,0.000,0.000,1719858908.000,1719858968.000,0.688
2024-07-01 13:37:08,150.000,1132.000,14.600,29.200,26.900,6882.353,12495.368,8052.615,6453.120,4295.415,,,21.000,201.857,0.000,0.000,24.000,202.469,0.000,0.000,0.000,0.000,0.000,0.000,1719858968.000,1719859028.000,0.695
2024-07-01 13:38:08,151.000,1132.000,14.700,29.400,27.100,7118.118,13216.211,8537.846,6824.640,4615.902,,,270.938,236.076,0.000,0.000,283.406,238.784,0.000,0.000,95.461,5.936,0.000,0.000,1719859028.000,1719859088.000,0.703
2024-07-01 13:39:08,151.000,1132.000,14.700,29.400,27.100,7243.765,13591.789,8831.385,6797.280,4788.878,,,161.313,10.394,0.000,0.000,174.422,11.481,0.000,0.000,11.438,194.864,0.000,0.000,1719859088.000,1719859148.000,0.708
2024-07-01 13:40:08,149.000,1109.000,14.700,29.700,27.200,6562.588,12898.737,8094.461,6010.080,4382.049,,,20.625,201.825,0.000,0.000,23.625,202.418,0.000,0.000,0.000,0.000,0.000,0.000,1719859148.000,1719859208.000,0.718
2024-07-01 13:41:08,152.000,1127.000,14.800,29.800,27.200,8722.941,13796.842,10202.154,8596.800,5442.439,,,271.156,235.733,0.000,0.000,283.750,238.477,0.000,0.000,91.953,5.681,0.000,0.000,1719859208.000,1719859268.000,0.726
2024-07-01 13:42:08,106.000,1045.000,12.100,29.800,22.800,7227.529,13796.842,9103.077,6982.080,4955.708,,,158.484,10.146,0.000,0.000,172.156,11.282,0.000,0.000,11.438,194.333,0.000,0.000,1719859268.000,1719859328.000,0.734
2024-07-01 13:43:08,104.000,1017.000,12.200,30.000,22.900,7725.529,13796.842,9640.615,7308.960,5212.976,,,20.625,201.501,0.000,0.000,23.813,202.148,0.000,0.000,0.000,0.000,0.000,0.000,1719859328.000,1719859388.000,0.740
2024-07-01 13:44:08,101.000,983.000,12.200,30.100,22.900,5761.412,10635.368,6838.769,5361.600,3614.927,,,268.219,235.119,0.000,0.000,281.594,237.998,0.000,0.000,80.195,4.851,0.000,0.000,1719859388.000,1719859448.000,0.745
2024-07-01 13:45:08,103.000,998.000,12.300,30.400,23.000,6653.294,12374.315,8067.077,6233.760,4320.000,,,158.875,10.166,0.000,0.000,172.906,11.310,0.000,0.000,11.438,195.103,0.000,0.000,1719859448.000,1719859508.000,0.750
2024-07-01 13:46:08,104.000,1004.000,12.300,30.600,23.100,6637.412,12265.263,8037.231,6167.520,4286.927,,,20.625,202.200,0.000,0.000,24.000,202.964,0.000,0.000,0.000,0.000,0.000,0.000,1719859508.000,1719859568.000,0.750
2024-07-01 13:47:08,0.000,0.000,1.100,30.700,0.000,6580.235,12885.263,8182.154,4469.760,4599.220,,,271.063,236.351,0.000,0.000,284.344,239.159,0.000,0.000,92.148,5.694,0.000,0.000,1719859568.000,1719859628.000,0.750
2024-07-01 14:08:23,,,,,,,,,,,44.993,-93.175,,,,,,,,,,,,,,,
2024-07-01 14:08:48,0.000,0.000,1.200,29.700,0.000,1736.471,10730.947,2154.461,3773.760,1138.829,,,15.750,201.536,0.000,0.000,16.313,200.522,0.000,0.000,16.500,200.934,0.000,0.000,1719860910.000,1719860928.000,0.660
2024-07-01 14:11:49,,,,,,,,,,,44.993,-93.175,,,,,,,,,,,,,,,
2024-07-01 14:12:13,0.000,0.000,1.200,29.000,0.000,3532.235,5930.316,4100.615,4500.000,2325.366,,,16.875,202.872,0.000,0.000,19.875,203.498,0.000,0.000,21.188,204.699,0.000,0.000,1719861115.000,1719861133.000,0.667
2024-07-01 14:15:18,,,,,,,,,,,44.993,-93.175,,,,,,,,,,,,,,,
2024-07-01 14:15:42,0.000,0.000,1.200,28.500,0.000,1558.235,3034.158,1940.308,3410.760,1081.171,,,15.938,202.301,0.000,0.000,16.500,201.280,0.000,0.000,16.688,201.923,0.000,0.000,1719861324.000,1719861342.000,0.651
2024-07-01 14:17:39,302.000,2289.000,14.600,28.400,26.900,1397.206,2563.053,1658.692,2850.840,864.146,,,263.063,238.691,0.000,0.000,278.156,243.642,0.000,0.000,0.000,0.000,0.000,0.000,1719861342.000,1719861459.000,0.643
2024-07-01 14:18:38,295.000,2220.000,14.600,28.100,27.000,1285.853,2381.000,1545.538,2791.200,843.439,,,202.797,13.541,0.000,0.000,211.500,14.411,0.000,0.000,179.734,12.167,0.000,0.000,1719861459.000,1719861518.000,0.640
2024-07-01 14:19:38,294.000,2220.000,14.600,27.900,26.900,1234.588,2339.263,1542.615,2683.800,853.902,,,14.813,202.071,0.000,0.000,16.500,201.854,0.000,0.000,10.313,198.207,0.000,0.000,1719861518.000,1719861578.000,0.636
2024-07-01 14:20:38,295.000,2236.000,14.600,27.500,26.900,946.941,1757.895,1144.205,2224.000,619.219,,,293.375,246.316,0.000,0.000,300.094,248.370,0.000,0.000,172.000,11.642,0.000,0.000,1719861578.000,1719861638.000,0.630
2024-07-01 14:21:38,294.000,2228.000,14.600,27.300,26.900,900.706,1714.316,1105.333,2382.320,594.293,,,196.797,13.177,0.000,0.000,204.781,13.976,0.000,0.000,12.000,199.137,0.000,0.000,1719861638.000,1719861698.000,0.625
2024-07-01 14:23:29,0.000,0.000,1.000,26.900,0.000,3604.177,842.526,2445.590,2723.440,220.195,,,22.875,207.753,0.000,0.000,26.438,208.553,0.000,0.000,0.000,0.000,0.000,0.000,1719861698.000,1719861809.000,0.615
2024-07-01 14:24:28,374.000,2908.000,14.300,26.800,26.400,3808.588,6342.947,1784.000,5284.320,2877.366,,,299.688,247.849,0.000,0.000,306.063,249.898,0.000,0.000,203.047,13.916,0.000,0.000,1719861809.000,1719861868.000,0.618
2024-07-01 14:25:28,371.000,2895.000,14.300,26.600,26.400,1396.588,6240.000,1772.615,2905.440,2375.415,,,198.469,13.211,0.000,0.000,206.188,13.989,0.000,0.000,12.000,200.547,0.000,0.000,1719861868.000,1719861928.000,0.621
2024-07-01 14:26:28,370.000,2866.000,14.300,26.500,26.500,2564.294,5429.263,3722.923,3996.000,2000.634,,,20.250,207.125,0.000,0.000,21.938,206.747,0.000,0.000,170.359,11.475,0.000,0.000,1719861928.000,1719861988.000,0.624
2024-07-01 14:27:28,371.000,2874.000,14.300,26.200,26.500,3115.059,5564.000,3799.385,4226.400,2083.902,,,293.938,247.060,0.000,0.000,300.188,249.783,0.000,0.000,12.563,201.148,0.000,0.000,1719861988.000,1719862048.000,0.623
2024-07-01 14:28:28,369.000,2858.000,14.300,26.000,26.500,3024.441,3449.210,2837.000,4120.200,1251.512,,,207.656,13.908,0.000,0.000,217.078,14.831,0.000,0.000,185.547,12.628,0.000,0.000,1719862048.000,1719862108.000,0.623
2024-07-01 14:29:28,366.000,2825.000,14.400,25.900,26.600,1451.294,7538.737,1849.231,3277.440,993.366,,,15.188,203.707,0.000,0.000,16.688,203.188,0.000,0.000,10.313,199.591,0.000,0.000,1719862108.000,1719862168.000,0.625
2024-07-01 14:30:28,300.000,2186.000,15.000,26.000,27.500,1181.412,2255.298,1474.769,2805.120,808.195,,,299.313,248.513,0.000,0.000,304.875,250.693,0.000,0.000,186.438,12.713,0.000,0.000,1719862168.000,1719862228.000,0.626
2024-07-01 14:31:28,297.000,2164.000,15.000,26.200,27.500,1319.765,2276.982,1679.385,3042.720,867.122,,,200.563,13.417,0.000,0.000,209.438,14.298,0.000,0.000,12.188,200.625,0.000,0.000,1719862228.000,1719862288.000,0.626
2024-07-01 14:32:28,295.000,2142.000,15.000,26.300,27.600,1353.882,2406.737,1604.077,3015.360,871.244,,,21.563,207.993,0.000,0.000,23.250,207.618,0.000,0.000,176.266,11.964,0.000,0.000,1719862288.000,1719862348.000,0.624
2024-07-01 14:33:28,295.000,2149.000,15.000,26.300,27.500,1314.265,2551.368,1598.385,3045.600,868.171,,,294.250,247.950,0.000,0.000,299.938,250.043,0.000,0.000,12.563,201.434,0.000,0.000,1719862348.000,1719862408.000,0.621
2024-07-01 14:34:28,297.000,2164.000,15.000,26.400,27.500,1223.647,2288.702,1490.564,2816.800,817.366,,,209.875,14.063,0.000,0.000,218.266,14.910,0.000,0.000,191.422,13.043,0.000,0.000,1719862408.000,1719862468.000,0.621
2024-07-01 14:35:28,0.000,0.000,1.000,26.400,0.000,476.941,2064.210,377.333,2309.920,347.220,,,14.625,204.082,0.000,0.000,15.750,203.423,0.000,0.000,10.313,200.260,0.000,0.000,1719862468.000,1719862528.000,0.619
2024-07-01 14:36:28,0.000,0.000,1.000,26.700,0.000,5151.882,10759.368,7767.385,4633.920,4116.000,,,303.031,247.785,0.000,0.000,308.156,249.389,0.000,0.000,187.922,12.830,0.000,0.000,1719862528.000,1719862588.000,0.624
2024-07-01 14:37:28,0.000,0.000,1.000,27.000,0.000,2492.471,4889.053,2575.077,3618.720,1435.024,,,194.531,12.926,0.000,0.000,201.969,13.688,0.000,0.000,11.438,198.398,0.000,0.000,1719862588.000,1719862648.000,0.627
2024-07-01 14:38:27,0.000,0.000,1.000,27.000,0.000,5850.353,10682.315,6796.615,5086.560,3596.488,,,19.875,205.912,0.000,0.000,21.375,205.518,0.000,0.000,156.578,10.481,0.000,0.000,1719862648.000,1719862707.000,0.630
2024-07-01 14:39:27,0.000,0.000,1.000,27.000,0.000,5529.176,10484.842,6565.231,5344.800,3610.537,,,291.500,246.320,0.000,0.000,297.719,248.100,0.000,0.000,12.188,200.546,0.000,0.000,1719862707.000,1719862767.000,0.632
2024-07-01 14:40:27,0.000,0.000,1.200,27.300,0.000,6793.765,13616.632,8768.308,6890.400,4411.317,,,207.031,13.871,0.000,0.000,213.844,14.606,0.000,0.000,172.188,11.633,0.000,0.000,1719862767.000,1719862827.000,0.641
2024-07-01 14:41:27,0.000,0.000,1.200,27.800,0.000,7159.412,13796.842,9380.923,7189.440,4967.122,,,14.625,198.568,0.000,0.000,15.750,197.924,0.000,0.000,9.938,194.544,0.000,0.000,1719862827.000,1719862887.000,0.654
2024-07-01 14:42:27,0.000,0.000,1.200,28.500,0.000,7273.765,13796.842,9606.462,7757.760,4985.561,,,278.219,239.300,0.000,0.000,285.625,241.239,0.000,0.000,121.547,7.917,0.000,0.000,1719862887.000,1719862947.000,0.674
2024-07-01 14:43:27,0.000,0.000,1.200,29.200,0.000,7891.765,13796.842,10217.538,7988.160,4990.829,,,173.703,11.400,0.000,0.000,183.922,12.314,0.000,0.000,11.250,193.462,0.000,0.000,1719862947.000,1719863008.000,0.685
2024-07-01 14:44:27,0.000,0.000,1.200,29.800,0.000,8038.588,13796.842,10029.846,7922.880,5040.000,,,21.563,201.060,0.000,0.000,24.000,201.185,0.000,0.000,66.180,3.917,0.000,0.000,1719863008.000,1719863068.000,0.693
2024-07-01 14:45:27,0.000,0.000,1.200,30.400,0.000,8078.471,13796.842,11118.462,8129.280,5244.000,,,236.203,15.845,0.000,0.000,259.563,234.860,0.000,0.000,11.625,193.411,0.000,0.000,1719863068.000,1719863128.000,0.701
2024-07-01 14:46:27,0.000,0.000,1.200,30.900,0.000,8135.294,13796.842,11660.615,8529.600,6160.976,,,22.500,200.747,0.000,0.000,188.391,12.585,0.000,0.000,0.000,0.000,0.000,0.000,1719863128.000,1719863188.000,0.714
2024-07-01 14:47:27,0.000,0.000,1.200,31.400,0.000,6636.706,13796.842,9839.385,7052.640,5369.561,,,244.000,16.367,0.000,0.000,24.563,200.266,0.000,0.000,0.000,0.000,0.000,0.000,1719863188.000,1719863248.000,0.723
2024-07-01 14:48:27,0.000,0.000,1.200,31.800,0.000,5902.588,11327.158,7304.615,5670.240,3780.585,,,21.375,201.056,0.000,0.000,269.188,235.144,0.000,0.000,0.000,0.000,0.000,0.000,1719863248.000,1719863307.000,0.725
2024-07-01 14:49:27,0.000,0.000,1.200,32.100,0.000,4515.176,9194.315,5864.923,4833.120,3180.878,,,262.125,233.421,0.000,0.000,184.813,12.206,0.000,0.000,70.359,4.163,0.000,0.000,1719863307.000,1719863367.000,0.728
2024-07-01 14:50:27,430.000,3431.000,14.000,31.500,26.000,1806.441,3272.000,2189.000,3333.120,1110.219,,,155.594,10.045,0.000,0.000,16.125,196.639,0.000,0.000,10.875,193.755,0.000,0.000,1719863367.000,1719863427.000,0.713
2024-07-01 14:51:27,428.000,3402.000,14.100,30.400,26.100,1845.353,3413.579,2185.539,3292.560,1122.000,,,21.000,202.113,0.000,0.000,280.813,240.751,0.000,0.000,90.813,5.695,0.000,0.000,1719863427.000,1719863487.000,0.701
2024-07-01 14:52:27,422.000,3330.000,14.100,29.400,26.200,1586.206,3146.737,1994.000,2902.560,1053.659,,,264.938,238.722,0.000,0.000,188.859,12.768,0.000,0.000,11.813,195.873,0.000,0.000,1719863487.000,1719863547.000,0.688
2024-07-01 14:53:28,425.000,3341.000,14.200,28.700,26.300,1827.000,3330.684,2113.077,3036.120,1125.878,,,194.563,12.989,0.000,0.000,23.813,204.007,0.000,0.000,130.828,8.594,0.000,0.000,1719863547.000,1719863608.000,0.677
2024-07-01 14:54:28,423.000,3325.000,14.200,28.200,26.300,1896.706,3504.421,2244.000,3271.680,1176.146,,,14.625,200.363,0.000,0.000,283.313,244.080,0.000,0.000,11.063,196.944,0.000,0.000,1719863608.000,1719863668.000,0.673
2024-07-01 14:55:28,307.000,2554.000,13.600,27.900,25.300,2433.529,5592.421,3465.539,4260.000,1901.561,,,287.781,244.071,0.000,0.000,210.156,14.286,0.000,0.000,157.000,10.491,0.000,0.000,1719863668.000,1719863728.000,0.665
2024-07-01 14:56:28,296.000,2453.000,13.700,27.900,25.400,2425.765,5366.737,3313.846,4073.760,1785.951,,,190.297,12.581,0.000,0.000,15.188,200.275,0.000,0.000,10.875,197.917,0.000,0.000,1719863728.000,1719863788.000,0.652
2024-07-01 14:57:28,294.000,2436.000,13.700,27.700,25.400,2712.529,3449.210,3588.692,4405.560,1873.463,,,20.250,205.257,0.000,0.000,299.063,246.051,0.000,0.000,145.672,9.610,0.000,0.000,1719863788.000,1719863848.000,0.640
2024-07-01 14:58:28,295.000,2435.000,13.700,27.600,25.500,2902.588,6016.842,4235.077,4739.040,2123.122,,,282.844,242.473,0.000,0.000,196.438,13.206,0.000,0.000,12.000,198.523,0.000,0.000,1719863848.000,1719863908.000,0.629
2024-07-01 14:59:28,293.000,2428.000,13.700,27.500,25.400,1673.647,5811.369,3608.154,3249.360,1685.122,,,197.359,13.058,0.000,0.000,21.188,204.612,0.000,0.000,144.250,9.502,0.000,0.000,1719863908.000,1719863968.000,0.620
2024-07-01 15:00:28,290.000,2385.000,13.700,27.200,25.500,1819.853,3449.210,3927.461,4383.120,2264.854,,,14.438,201.756,0.000,0.000,289.938,245.365,0.000,0.000,11.250,198.428,0.000,0.000,1719863968.000,1719864028.000,0.609
2024-07-01 15:01:28,245.000,2558.000,11.700,26.900,22.000,2750.294,3449.210,3437.769,4483.800,2027.634,,,292.063,245.128,0.000,0.000,209.063,14.193,0.000,0.000,162.109,10.872,0.000,0.000,1719864028.000,1719864088.000,0.602
2024-07-01 15:02:28,245.000,2535.000,11.700,26.500,22.100,3448.588,7625.053,5065.846,5436.000,2642.634,,,192.813,12.853,0.000,0.000,16.875,201.442,0.000,0.000,11.250,198.315,0.000,0.000,1719864088.000,1719864148.000,0.597
2024-07-01 15:03:27,244.000,2525.000,11.700,26.300,22.100,2828.735,3449.210,2094.769,3360.000,1345.829,,,20.438,205.525,0.000,0.000,300.219,246.901,0.000,0.000,157.828,10.528,0.000,0.000,1719864148.000,1719864208.000,0.594
2024-07-01 15:04:27,244.000,2525.000,11.700,26.200,22.100,3539.647,7565.895,5042.154,3236.640,2599.902,,,283.844,242.815,0.000,0.000,197.844,13.317,0.000,0.000,11.813,198.371,0.000,0.000,1719864208.000,1719864268.000,0.591
2024-07-01 15:05:27,243.000,2503.000,11.800,26.200,22.100,3922.853,3449.210,5041.154,5446.560,2610.951,,,198.469,13.139,0.000,0.000,21.375,204.208,0.000,0.000,143.516,9.456,0.000,0.000,1719864268.000,1719864328.000,0.590
2024-07-01 15:06:27,0.000,0.000,1.000,26.100,0.000,382.471,1900.070,528.513,1538.880,356.195,,,12.750,200.432,0.000,0.000,286.563,244.035,0.000,0.000,10.313,197.868,0.000,0.000,1719864328.000,1719864388.000,0.588
2024-07-01 15:07:27,0.000,0.000,1.000,26.500,0.000,7260.706,11177.263,8602.770,6489.120,4501.171,,,292.000,243.422,0.000,0.000,206.734,13.961,0.000,0.000,152.031,10.057,0.000,0.000,1719864388.000,1719864448.000,0.599
2024-07-01 15:08:54,466.000,3065.000,16.200,26.500,29.300,4257.176,8657.263,5468.923,5778.720,2955.805,,,167.094,10.903,0.000,0.000,13.875,199.975,0.000,0.000,10.500,198.237,0.000,0.000,1719864448.000,1719864534.000,0.604
2024-07-01 15:09:53,465.000,3049.000,16.200,26.400,29.400,4855.412,8884.421,6519.692,6784.320,3209.268,,,19.688,205.783,0.000,0.000,300.438,247.248,0.000,0.000,157.719,10.522,0.000,0.000,1719864534.000,1719864594.000,0.610
2024-07-01 15:10:53,463.000,3045.000,16.200,26.400,29.300,4878.706,9111.579,5878.461,6236.640,2846.634,,,287.313,244.186,0.000,0.000,199.656,13.437,0.000,0.000,11.813,199.671,0.000,0.000,1719864594.000,1719864654.000,0.615
2024-07-01 15:11:53,461.000,3032.000,16.200,26.400,29.300,4672.588,9299.789,5685.539,6339.840,3155.707,,,201.219,13.291,0.000,0.000,21.000,205.301,0.000,0.000,156.422,10.370,0.000,0.000,1719864654.000,1719864714.000,0.619
2024-07-01 15:12:53,461.000,3032.000,16.200,26.400,29.300,4544.824,3340.210,6103.385,6830.880,3067.610,,,12.938,201.974,0.000,0.000,294.188,246.069,0.000,0.000,10.875,199.452,0.000,0.000,1719864714.000,1719864774.000,0.623
2024-07-01 15:13:53,397.000,2728.000,15.600,26.600,28.600,1273.294,2373.684,1458.564,3221.440,783.902,,,296.688,245.936,0.000,0.000,209.313,14.125,0.000,0.000,165.531,11.039,0.000,0.000,1719864774.000,1719864834.000,0.625
2024-07-01 15:14:53,389.000,2673.000,15.600,26.600,28.600,1310.382,2401.947,1607.154,3474.240,813.951,,,191.781,12.670,0.000,0.000,15.375,201.719,0.000,0.000,10.875,199.318,0.000,0.000,1719864834.000,1719864893.000,0.623
2024-07-01 15:15:11,392.000,2693.000,15.600,26.500,28.600,1323.088,2340.474,1596.615,3432.720,794.634,,,15.375,203.594,0.000,0.000,320.969,251.072,0.000,0.000,287.594,247.999,0.000,0.000,1719864893.000,1719864911.000,0.623
2024-07-01 15:16:03,387.000,2659.000,15.600,26.500,28.600,1237.059,2286.632,1498.538,3316.560,756.732,,,22.125,207.677,0.000,0.000,21.938,206.231,0.000,0.000,21.938,206.492,0.000,0.000,1719864934.000,1719864963.000,0.624
2024-07-01 15:17:03,382.000,2624.000,15.600,26.600,28.600,1055.059,2002.386,1280.103,3291.360,699.512,,,300.563,247.326,0.000,0.000,305.875,249.032,0.000,0.000,178.063,12.036,0.000,0.000,1719864963.000,1719865023.000,0.624
2024-07-01 15:18:04,386.000,2652.000,15.600,26.600,28.600,1059.412,1923.228,1246.564,3137.280,659.610,,,196.406,13.060,0.000,0.000,203.906,13.835,0.000,0.000,12.000,199.939,0.000,0.000,1719865023.000,1719865084.000,0.623
2024-07-01 15:19:24,248.000,1949.000,14.200,26.900,26.300,970.000,1793.614,1225.128,3105.760,554.927,,,22.313,207.803,0.000,0.000,24.375,207.750,0.000,0.000,116.820,7.595,0.000,0.000,1719865084.000,1719865164.000,0.623
2024-07-01 15:20:25,248.000,1957.000,14.100,26.900,26.200,936.882,1630.386,1112.256,3145.040,550.781,,,290.656,246.160,0.000,0.000,297.063,248.075,0.000,0.000,12.375,200.742,0.000,0.000,1719865164.000,1719865225.000,0.625
2024-07-01 15:21:25,246.000,1934.000,14.200,27.000,26.300,922.059,1837.228,1062.154,3074.720,520.927,,,206.594,13.791,0.000,0.000,213.688,14.550,0.000,0.000,180.141,12.188,0.000,0.000,1719865225.000,1719865285.000,0.626
2024-07-01 15:22:26,244.000,1904.000,14.300,27.100,26.400,879.353,1518.947,1044.462,3034.560,527.073,,,14.063,203.278,0.000,0.000,15.188,202.542,0.000,0.000,10.125,199.723,0.000,0.000,1719865285.000,1719865346.000,0.627
2024-07-01 15:23:26,245.000,1912.000,14.300,27.000,26.400,754.588,1489.263,927.282,2915.600,445.073,,,301.094,247.852,0.000,0.000,306.781,250.522,0.000,0.000,181.563,12.259,0.000,0.000,1719865346.000,1719865406.000,0.629
2024-07-01 15:24:27,221.000,1757.000,14.100,27.200,26.100,5802.706,13796.842,10716.923,3186.720,5823.805,,,197.641,13.112,0.000,0.000,206.094,13.940,0.000,0.000,12.000,200.918,0.000,0.000,1719865406.000,1719865467.000,0.630
2024-07-01 15:25:27,208.000,1635.000,14.200,27.300,26.300,753.765,1402.246,949.180,3087.920,456.390,,,20.438,207.546,0.000,0.000,22.125,207.138,0.000,0.000,168.844,11.321,0.000,0.000,1719865467.000,1719865527.000,0.632
2024-07-01 15:26:28,207.000,1621.000,14.200,27.000,26.300,679.059,1276.947,802.103,2824.320,405.610,,,292.906,247.458,0.000,0.000,298.969,249.747,0.000,0.000,12.563,201.056,0.000,0.000,1719865527.000,1719865588.000,0.631
2024-07-01 15:27:28,206.000,1613.000,14.200,26.700,26.300,776.235,1372.035,940.667,3063.200,451.707,,,208.766,14.004,0.000,0.000,217.563,14.890,0.000,0.000,186.641,12.723,0.000,0.000,1719865588.000,1719865648.000,0.627
2024-07-01 15:28:29,206.000,1607.000,14.300,26.500,26.400,791.294,1476.632,957.949,3214.160,469.610,,,15.188,204.085,0.000,0.000,16.500,203.455,0.000,0.000,10.313,199.951,0.000,0.000,1719865648.000,1719865709.000,0.626
2024-07-01 15:29:29,205.000,1599.000,14.300,26.400,26.400,809.588,1501.158,949.436,3272.480,462.000,,,301.219,249.732,0.000,0.000,306.531,251.050,0.000,0.000,189.594,12.919,0.000,0.000,1719865709.000,1719865769.000,0.623
2024-07-01 15:30:30,206.000,1607.000,14.300,26.400,26.400,844.118,1487.754,977.795,3303.680,477.317,,,202.625,13.526,0.000,0.000,209.859,14.286,0.000,0.000,12.000,201.335,0.000,0.000,1719865769.000,1719865830.000,0.624
2024-07-01 15:31:30,133.000,1407.000,11.600,26.500,21.800,620.235,1062.246,747.897,2909.360,379.317,,,20.250,208.100,0.000,0.000,21.750,207.520,0.000,0.000,178.813,12.107,0.000,0.000,1719865830.000,1719865890.000,0.624
2024-07-01 15:32:31,128.000,1348.000,11.600,26.500,21.800,763.882,1458.140,946.051,3071.760,470.146,,,297.375,248.827,0.000,0.000,302.813,250.523,0.000,0.000,12.563,201.929,0.000,0.000,1719865890.000,1719865951.000,0.624
2024-07-01 15:33:31,127.000,1331.000,11.600,26.700,21.900,732.765,1309.088,900.820,2863.920,433.610,,,210.234,14.057,0.000,0.000,218.141,14.864,0.000,0.000,193.234,13.158,0.000,0.000,1719865951.000,1719866011.000,0.624
2024-07-01 15:34:32,128.000,1342.000,11.600,26.800,21.900,758.294,1387.684,932.256,2877.200,454.439,,,14.813,204.555,0.000,0.000,16.125,203.837,0.000,0.000,10.313,200.637,0.000,0.000,1719866011.000,1719866072.000,0.624
2024-07-01 15:35:32,127.000,1320.000,11.700,26.800,22.000,773.412,1453.123,986.872,3062.720,482.390,,,303.750,250.277,0.000,0.000,308.813,251.566,0.000,0.000,194.047,13.239,0.000,0.000,1719866072.000,1719866132.000,0.624
2024-07-01 15:36:33,0.000,0.000,1.100,27.000,0.000,495.176,12447.789,580.923,7022.880,272.488,,,204.906,13.637,0.000,0.000,210.766,14.293,0.000,0.000,11.813,201.565,0.000,0.000,1719866132.000,1719866193.000,0.626
2024-07-01 15:37:33,99.000,1262.000,10.300,27.000,19.400,500.353,937.825,3360.769,3191.200,1886.927,,,20.438,207.746,0.000,0.000,21.563,207.108,0.000,0.000,175.734,11.833,0.000,0.000,1719866193.000,1719866253.000,0.634
2024-07-01 15:38:34,98.000,1237.000,10.300,26.800,19.500,664.235,952.316,7469.231,2422.320,393.366,,,296.500,247.757,0.000,0.000,302.344,250.240,0.000,0.000,12.188,201.828,0.000,0.000,1719866253.000,1719866314.000,0.641
2024-07-01 15:39:35,98.000,1237.000,10.300,26.700,19.500,622.500,1010.421,597.538,2505.000,328.171,,,208.438,13.851,0.000,0.000,217.219,14.735,0.000,0.000,190.266,12.875,0.000,0.000,1719866314.000,1719866375.000,0.645
2024-07-01 15:40:35,97.000,1218.000,10.400,26.500,19.500,479.412,4598.947,666.256,2539.840,1107.024,,,12.938,203.691,0.000,0.000,14.063,202.770,0.000,0.000,9.938,200.631,0.000,0.000,1719866375.000,1719866435.000,0.649
2024-07-01 15:41:36,96.000,1205.000,10.400,26.400,19.500,483.882,7253.263,635.692,2442.240,1131.219,,,305.188,250.025,0.000,0.000,310.375,251.452,0.000,0.000,190.984,12.926,0.000,0.000,1719866435.000,1719866496.000,0.652
2024-07-01 15:42:36,0.000,0.000,1.100,26.600,0.000,6936.353,8710.947,7088.308,6279.840,3952.390,,,201.234,13.340,0.000,0.000,209.109,14.141,0.000,0.000,12.188,201.127,0.000,0.000,1719866496.000,1719866556.000,0.653
2024-07-01 15:43:37,195.000,1882.000,12.300,26.900,23.100,4765.059,10486.947,6246.769,7619.040,3441.366,,,23.063,205.857,0.000,0.000,24.563,205.302,0.000,0.000,160.031,10.766,0.000,0.000,1719866556.000,1719866617.000,0.658
2024-07-01 15:45:14,195.000,1874.000,12.300,27.400,23.100,4220.824,8069.263,6105.231,6402.720,2877.366,,,235.875,15.952,0.000,0.000,260.313,238.177,0.000,0.000,11.625,195.627,0.000,0.000,1719866617.000,1719866714.000,0.676
2024-07-01 15:46:15,196.000,1884.000,12.300,27.400,23.100,4387.059,7561.053,6443.385,6178.080,2929.171,,,21.563,203.817,0.000,0.000,200.641,13.525,0.000,0.000,110.016,7.059,0.000,0.000,1719866714.000,1719866775.000,0.677
2024-07-01 15:47:15,194.000,1857.000,12.400,27.300,23.200,4622.118,7799.579,6110.769,6079.200,2907.805,,,266.031,237.762,0.000,0.000,15.000,198.294,0.000,0.000,10.875,195.965,0.000,0.000,1719866775.000,1719866835.000,0.679
2024-07-01 15:48:16,0.000,0.000,5.700,27.100,9.600,4630.588,8610.947,5743.077,6489.120,3050.927,,,188.828,12.419,0.000,0.000,286.063,239.693,0.000,0.000,114.617,7.357,0.000,0.000,1719866835.000,1719866896.000,0.679
2024-07-01 15:49:16,323.000,2117.000,16.200,27.300,29.400,5088.353,10416.000,7140.000,6546.240,3757.463,,,13.125,199.141,0.000,0.000,186.016,12.450,0.000,0.000,10.500,196.381,0.000,0.000,1719866896.000,1719866956.000,0.680
2024-07-01 15:51:26,320.000,2105.000,16.200,28.200,29.300,5973.529,9955.579,7875.692,7932.480,3795.219,,,230.766,15.522,0.000,0.000,21.375,203.994,0.000,0.000,14.813,200.383,0.000,0.000,1719866956.000,1719867086.000,0.695
2024-07-01 15:52:26,358.000,2978.000,13.600,28.500,25.300,5576.824,10248.842,1867.077,7930.560,3857.561,,,21.000,205.947,0.000,0.000,299.281,246.540,0.000,0.000,148.172,9.816,0.000,0.000,1719867086.000,1719867147.000,0.702
2024-07-01 15:53:27,358.000,3024.000,13.500,28.700,25.100,5974.941,10014.105,7755.692,7888.320,3630.146,,,284.000,243.474,0.000,0.000,198.328,13.364,0.000,0.000,12.000,199.223,0.000,0.000,1719867147.000,1719867207.000,0.706
2024-07-01 15:54:27,343.000,2234.000,16.300,28.900,29.500,4077.177,9033.263,5512.615,6709.440,3000.000,,,200.750,13.322,0.000,0.000,21.938,205.506,0.000,0.000,152.531,10.126,0.000,0.000,1719867207.000,1719867268.000,0.709
2024-07-01 15:55:28,366.000,2856.000,14.300,29.300,26.400,4461.176,8652.842,5811.692,6717.600,2860.098,,,13.688,201.833,0.000,0.000,292.188,245.827,0.000,0.000,11.250,199.124,0.000,0.000,1719867268.000,1719867328.000,0.710
2024-07-01 15:56:57,364.000,2830.000,14.300,30.000,26.400,4176.706,7046.526,5450.154,6419.040,2602.244,,,279.750,243.331,0.000,0.000,199.938,13.235,0.000,0.000,94.859,5.969,0.000,0.000,1719867328.000,1719867417.000,0.723
2024-07-01 15:57:58,364.000,2851.000,14.200,30.400,26.300,4327.765,7850.526,5479.385,6915.840,2689.171,,,192.203,12.704,0.000,0.000,14.625,201.349,0.000,0.000,10.875,199.327,0.000,0.000,1719867417.000,1719867478.000,0.730
2024-07-01 15:58:58,358.000,2793.000,14.300,31.000,26.400,3785.647,7067.158,4571.385,6594.240,796.390,,,20.438,206.700,0.000,0.000,302.969,247.844,0.000,0.000,159.469,10.609,0.000,0.000,1719867478.000,1719867539.000,0.741
2024-07-02 14:36:08,0.000,0.000,1.200,26.400,0.000,3291.529,5875.790,3821.539,2713.920,1966.829,,,14.250,205.652,0.000,0.000,14.063,204.076,0.000,0.000,14.438,204.631,0.000,0.000,1719948952.000,1719948968.000,0.577
2024-07-02 14:37:10,246.000,904.000,25.800,26.600,40.800,2492.823,4555.895,2932.461,2245.680,1535.268,,,307.906,252.443,0.000,0.000,311.094,253.838,0.000,0.000,221.672,15.318,0.000,0.000,1719948968.000,1719949030.000,0.585
2024-07-02 14:38:09,242.000,871.000,26.200,25.900,41.200,2738.118,4888.526,3160.615,2373.840,1610.195,,,210.703,14.122,0.000,0.000,216.219,14.750,0.000,0.000,12.000,203.629,0.000,0.000,1719949030.000,1719949089.000,0.587
2024-07-02 14:39:09,242.000,861.000,26.500,25.500,41.400,2780.823,5036.737,3210.461,2407.440,1671.366,,,20.063,209.616,0.000,0.000,21.000,208.734,0.000,0.000,205.125,14.061,0.000,0.000,1719949089.000,1719949149.000,0.591
2024-07-02 14:40:09,240.000,856.000,26.400,25.300,41.400,2840.647,5086.000,3268.615,2395.440,1680.585,,,303.250,251.199,0.000,0.000,307.375,252.654,0.000,0.000,12.375,203.322,0.000,0.000,1719949149.000,1719949209.000,0.596
2024-07-02 14:41:09,244.000,866.000,26.500,25.100,41.500,2676.177,4777.684,3052.308,2282.400,1559.122,,,215.703,14.459,0.000,0.000,221.000,15.088,0.000,0.000,211.078,14.501,0.000,0.000,1719949209.000,1719949269.000,0.598
2024-07-02 14:42:09,239.000,841.000,26.700,25.000,41.700,2604.882,4708.000,2998.923,2217.360,1522.829,,,14.250,205.893,0.000,0.000,14.813,204.854,0.000,0.000,10.125,202.119,0.000,0.000,1719949269.000,1719949329.000,0.598
2024-07-02 14:43:09,266.000,869.000,28.500,25.100,43.200,2353.235,4333.579,2667.846,2000.880,1392.146,,,309.375,251.986,0.000,0.000,313.344,253.434,0.000,0.000,210.938,14.457,0.000,0.000,1719949329.000,1719949389.000,0.601
2024-07-02 14:44:09,264.000,854.000,28.700,24.900,43.400,2368.059,4263.369,2712.154,1996.800,1397.854,,,208.016,13.850,0.000,0.000,213.391,14.464,0.000,0.000,11.813,203.584,0.000,0.000,1719949389.000,1719949449.000,0.599
2024-07-02 14:45:09,264.000,852.000,28.800,24.800,43.400,2340.000,4200.000,2672.615,1954.320,1363.463,,,19.125,209.558,0.000,0.000,19.875,208.583,0.000,0.000,201.719,13.758,0.000,0.000,1719949449.000,1719949509.000,0.604
2024-07-02 14:46:09,262.000,840.000,28.900,24.700,43.600,2452.941,4431.263,2808.308,2047.680,1426.390,,,306.594,251.527,0.000,0.000,310.750,252.967,0.000,0.000,12.188,204.130,0.000,0.000,1719949509.000,1719949569.000,0.605
2024-07-02 14:47:09,264.000,846.000,28.900,24.600,43.600,2744.118,4895.474,3136.000,2277.600,1610.195,,,215.188,14.325,0.000,0.000,220.375,14.938,0.000,0.000,213.594,14.610,0.000,0.000,1719949569.000,1719949629.000,0.604
2024-07-02 14:48:09,262.000,947.000,26.100,24.600,41.100,2362.235,3618.947,2732.000,2069.280,1259.122,,,14.063,206.014,0.000,0.000,14.625,204.880,0.000,0.000,10.125,202.356,0.000,0.000,1719949629.000,1719949689.000,0.607
2024-07-02 14:49:09,251.000,877.000,26.900,24.600,41.800,3021.529,5603.158,3188.923,2614.080,1696.976,,,308.688,251.560,0.000,0.000,312.500,252.863,0.000,0.000,208.656,14.310,0.000,0.000,1719949689.000,1719949749.000,0.609
2024-07-02 14:50:09,253.000,880.000,27.000,24.700,41.900,3238.588,5821.053,3736.000,2620.800,1907.122,,,207.000,13.842,0.000,0.000,212.297,14.457,0.000,0.000,12.000,202.036,0.000,0.000,1719949749.000,1719949809.000,0.615
2024-07-02 14:51:09,251.000,869.000,27.100,24.700,42.000,2790.000,5082.000,3227.077,2343.600,1664.634,,,20.625,208.897,0.000,0.000,21.750,208.090,0.000,0.000,188.906,12.867,0.000,0.000,1719949809.000,1719949869.000,0.619
2024-07-02 14:52:09,250.000,864.000,27.100,24.800,42.000,2641.765,4817.369,3045.692,2207.520,1572.878,,,299.188,249.865,0.000,0.000,303.938,251.138,0.000,0.000,12.375,202.879,0.000,0.000,1719949869.000,1719949929.000,0.623
2024-07-02 14:53:09,252.000,871.000,27.100,24.700,42.000,2434.059,4388.631,2791.385,2048.640,1429.902,,,213.453,14.230,0.000,0.000,218.766,14.852,0.000,0.000,202.219,13.789,0.000,0.000,1719949929.000,1719949989.000,0.623
2024-07-02 14:54:09,150.000,648.000,22.500,24.900,37.500,1978.412,3581.158,2264.769,1759.200,1167.512,,,13.500,205.380,0.000,0.000,14.438,204.382,0.000,0.000,9.938,201.989,0.000,0.000,1719949989.000,1719950049.000,0.620
2024-07-02 14:55:09,149.000,632.000,22.800,24.800,37.800,2134.412,3825.474,2430.154,1820.880,1257.512,,,310.344,251.846,0.000,0.000,314.375,253.183,0.000,0.000,208.719,14.250,0.000,0.000,1719950049.000,1719950109.000,0.620
2024-07-02 14:56:09,151.000,634.000,23.000,24.800,38.000,2198.647,4022.632,2505.846,1859.760,1289.122,,,207.063,13.761,0.000,0.000,212.500,14.368,0.000,0.000,11.813,203.458,0.000,0.000,1719950109.000,1719950169.000,0.619
2024-07-02 14:57:09,152.000,637.000,23.100,24.600,38.100,2017.941,3634.842,2235.539,1739.280,1154.927,,,18.750,209.284,0.000,0.000,19.875,208.375,0.000,0.000,197.906,13.440,0.000,0.000,1719950169.000,1719950229.000,0.619
2024-07-02 14:58:09,147.000,614.000,23.100,24.500,38.100,2000.118,3640.421,2270.615,1707.840,1153.317,,,305.906,251.230,0.000,0.000,310.375,252.620,0.000,0.000,12.188,204.035,0.000,0.000,1719950229.000,1719950289.000,0.619
2024-07-02 14:59:09,151.000,629.000,23.200,24.400,38.200,2265.882,4039.053,2578.769,1881.840,1312.683,,,214.672,14.268,0.000,0.000,219.969,14.898,0.000,0.000,211.719,14.430,0.000,0.000,1719950289.000,1719950349.000,0.620
2024-07-02 15:00:09,181.000,714.000,24.300,24.400,39.300,1641.529,2987.684,1865.846,1503.600,936.439,,,13.125,205.860,0.000,0.000,13.875,204.860,0.000,0.000,9.938,202.790,0.000,0.000,1719950349.000,1719950409.000,0.619
2024-07-02 15:01:09,180.000,704.000,24.500,24.400,39.500,2568.882,4617.579,2940.000,2099.280,1500.439,,,312.156,252.333,0.000,0.000,316.281,253.819,0.000,0.000,213.422,14.574,0.000,0.000,1719950409.000,1719950469.000,0.618
2024-07-02 15:02:10,180.000,698.000,24.600,24.300,39.700,2554.235,4602.631,2922.461,2103.360,1493.561,,,207.828,13.782,0.000,0.000,213.375,14.402,0.000,0.000,11.813,203.966,0.000,0.000,1719950469.000,1719950530.000,0.619
2024-07-02 15:03:10,178.000,689.000,24.700,24.300,39.700,2596.588,4656.421,2974.000,2136.480,1513.463,,,18.563,209.621,0.000,0.000,19.688,208.686,0.000,0.000,201.500,13.690,0.000,0.000,1719950530.000,1719950590.000,0.619
2024-07-02 15:04:10,178.000,686.000,24.800,24.300,39.800,2513.471,4549.895,2894.461,2107.680,1483.463,,,307.438,251.553,0.000,0.000,311.813,253.019,0.000,0.000,12.188,204.444,0.000,0.000,1719950590.000,1719950650.000,0.619
2024-07-02 15:05:10,188.000,719.000,24.900,24.300,39.900,2136.353,3873.053,2466.308,1919.520,1250.634,,,214.969,14.283,0.000,0.000,220.359,14.908,0.000,0.000,214.219,14.610,0.000,0.000,1719950650.000,1719950710.000,0.609
2024-07-02 15:06:10,185.000,701.000,25.100,24.200,40.100,2767.059,4981.369,3182.308,2251.920,1634.781,,,12.938,206.004,0.000,0.000,13.500,204.977,0.000,0.000,9.938,203.055,0.000,0.000,1719950710.000,1719950770.000,0.613
2024-07-02 15:07:09,184.000,692.000,25.300,24.200,40.300,2629.235,4768.000,3055.539,2173.920,1585.610,,,313.219,252.308,0.000,0.000,317.344,253.719,0.000,0.000,212.969,14.496,0.000,0.000,1719950770.000,1719950829.000,0.614
2024-07-02 15:08:09,186.000,698.000,25.300,24.100,40.300,2696.118,4860.421,3106.154,2215.680,1596.000,,,207.141,13.698,0.000,0.000,212.531,14.312,0.000,0.000,11.813,204.006,0.000,0.000,1719950829.000,1719950889.000,0.610
2024-07-02 15:09:09,186.000,698.000,25.300,24.100,40.300,2658.529,4796.421,3061.692,2187.840,1571.707,,,18.563,209.626,0.000,0.000,19.500,208.702,0.000,0.000,198.875,13.452,0.000,0.000,1719950889.000,1719950949.000,0.609
2024-07-02 15:10:09,187.000,702.000,25.300,24.100,40.300,2204.823,4046.632,2543.846,1923.120,1304.195,,,306.688,251.260,0.000,0.000,311.125,252.620,0.000,0.000,12.188,204.412,0.000,0.000,1719950949.000,1719951009.000,0.610
2024-07-02 15:11:09,251.000,929.000,25.600,24.400,40.600,2633.294,4612.842,3001.231,2160.960,1510.829,,,214.625,14.223,0.000,0.000,219.953,14.849,0.000,0.000,212.563,14.452,0.000,0.000,1719951009.000,1719951069.000,0.592
2024-07-02 15:12:09,252.000,924.000,25.800,24.400,40.800,2615.823,4703.579,3008.154,2144.640,1545.366,,,12.938,205.980,0.000,0.000,13.688,204.964,0.000,0.000,9.938,203.043,0.000,0.000,1719951069.000,1719951129.000,0.590
2024-07-02 15:13:09,249.000,909.000,25.900,24.300,40.900,2474.294,4477.579,2858.923,2080.320,1480.537,,,312.500,252.062,0.000,0.000,316.688,253.416,0.000,0.000,210.469,14.290,0.000,0.000,1719951129.000,1719951189.000,0.586
2024-07-02 15:14:09,250.000,906.000,26.100,24.300,41.100,2503.235,4541.684,2890.923,2100.000,1490.488,,,206.594,13.657,0.000,0.000,212.078,14.264,0.000,0.000,12.000,203.996,0.000,0.000,1719951189.000,1719951249.000,0.590
2024-07-02 15:15:09,252.000,911.000,26.100,24.200,41.100,2581.765,4688.947,2973.846,2136.000,1536.293,,,18.750,209.624,0.000,0.000,19.688,208.698,0.000,0.000,196.938,13.303,0.000,0.000,1719951249.000,1719951309.000,0.603
2024-07-02 15:16:09,261.000,973.000,25.500,24.300,40.500,2144.118,3847.895,2474.308,1887.840,1251.512,,,305.969,251.114,0.000,0.000,310.594,252.487,0.000,0.000,12.188,204.385,0.000,0.000,1719951309.000,1719951369.000,0.614
2024-07-02 15:17:09,262.000,963.000,25.800,24.300,40.800,2598.529,4676.526,2980.923,2107.920,1529.415,,,214.391,14.171,0.000,0.000,219.609,14.801,0.000,0.000,210.688,14.277,0.000,0.000,1719951369.000,1719951430.000,0.612
2024-07-02 15:18:09,261.000,955.000,25.900,24.400,40.900,2560.412,4606.947,2938.154,2083.200,1502.049,,,13.125,205.925,0.000,0.000,13.688,204.850,0.000,0.000,9.938,202.894,0.000,0.000,1719951430.000,1719951490.000,0.610
2024-07-02 15:19:09,263.000,960.000,25.900,24.400,40.900,2449.941,4318.631,2750.308,2048.880,1414.976,,,311.906,251.873,0.000,0.000,316.094,253.133,0.000,0.000,208.125,14.095,0.000,0.000,1719951490.000,1719951550.000,0.612
2024-07-02 15:20:09,261.000,953.000,25.900,24.400,40.900,2375.647,4245.579,2733.692,1988.880,1402.537,,,206.250,13.608,0.000,0.000,211.578,14.224,0.000,0.000,11.813,203.905,0.000,0.000,1719951550.000,1719951610.000,0.613
2024-07-02 15:21:09,255.000,1148.000,21.800,24.400,36.600,1560.529,2984.947,1844.923,1399.080,942.878,,,18.563,209.780,0.000,0.000,19.500,208.885,0.000,0.000,196.531,13.268,0.000,0.000,1719951610.000,1719951670.000,0.610
2024-07-02 15:22:09,252.000,1105.000,22.200,24.300,37.200,2356.235,4266.421,2717.231,1932.720,1392.439,,,307.313,251.316,0.000,0.000,311.750,252.699,0.000,0.000,12.188,204.712,0.000,0.000,1719951670.000,1719951730.000,0.609
2024-07-02 15:23:09,254.000,1108.000,22.300,24.400,37.300,2199.882,3979.684,2529.846,1810.320,1290.293,,,214.516,14.171,0.000,0.000,219.734,14.784,0.000,0.000,211.344,14.315,0.000,0.000,1719951730.000,1719951790.000,0.609
2024-07-02 15:24:09,253.000,1095.000,22.500,24.400,37.400,2053.588,3644.737,2358.769,1711.680,1197.512,,,12.938,206.254,0.000,0.000,13.688,205.239,0.000,0.000,9.938,203.348,0.000,0.000,1719951790.000,1719951850.000,0.609
2024-07-02 15:25:09,254.000,1094.000,22.600,24.400,37.500,2005.765,3613.895,2299.077,1658.880,1167.073,,,313.688,252.324,0.000,0.000,317.813,253.692,0.000,0.000,211.906,14.376,0.000,0.000,1719951850.000,1719951910.000,0.608
2024-07-02 15:26:09,253.000,1079.000,22.800,24.400,37.700,1790.118,3424.737,2143.231,1434.480,1100.049,,,207.172,13.664,0.000,0.000,212.547,14.263,0.000,0.000,11.813,204.538,0.000,0.000,1719951910.000,1719951970.000,0.607
2024-07-02 15:27:09,167.000,670.000,23.900,24.600,39.000,1397.029,2522.526,1600.692,1242.120,825.293,,,19.313,210.318,0.000,0.000,20.625,209.609,0.000,0.000,202.234,13.715,0.000,0.000,1719951970.000,1719952029.000,0.598
2024-07-02 15:28:09,166.000,654.000,24.300,24.400,39.400,1513.765,2709.053,1736.692,1289.400,890.341,,,308.438,252.040,0.000,0.000,312.719,253.516,0.000,0.000,12.375,204.710,0.000,0.000,1719952029.000,1719952089.000,0.594
2024-07-02 15:29:09,167.000,651.000,24.500,24.200,39.600,1476.265,2665.000,1662.462,1270.080,838.976,,,216.297,14.391,0.000,0.000,221.469,15.010,0.000,0.000,217.609,14.861,0.000,0.000,1719952089.000,1719952149.000,0.591
2024-07-02 15:30:09,165.000,643.000,24.500,24.100,39.600,1444.765,2609.000,1665.615,1238.040,849.951,,,13.688,206.769,0.000,0.000,14.438,205.720,0.000,0.000,10.125,203.320,0.000,0.000,1719952149.000,1719952209.000,0.590
2024-07-02 15:31:09,169.000,657.000,24.600,23.900,39.600,1357.059,2442.421,1552.077,1153.440,791.488,,,314.281,253.253,0.000,0.000,317.906,254.708,0.000,0.000,219.234,15.024,0.000,0.000,1719952209.000,1719952269.000,0.587
2024-07-02 15:32:09,158.000,732.000,21.300,23.800,36.000,988.000,1920.211,1201.436,833.600,625.854,,,210.281,14.003,0.000,0.000,215.688,14.619,0.000,0.000,12.000,204.508,0.000,0.000,1719952269.000,1719952329.000,0.582
2024-07-02 15:33:09,157.000,716.000,21.500,23.800,36.400,1118.941,2020.912,1269.128,985.600,654.829,,,19.500,210.519,0.000,0.000,20.250,209.496,0.000,0.000,211.063,14.453,0.000,0.000,1719952329.000,1719952389.000,0.577
2024-07-02 15:34:09,153.000,692.000,21.700,23.700,36.500,1154.118,2081.965,1314.667,993.440,678.829,,,309.938,253.067,0.000,0.000,313.531,254.468,0.000,0.000,12.375,204.971,0.000,0.000,1719952389.000,1719952449.000,0.570
2024-07-02 15:35:09,156.000,700.000,21.800,23.700,36.700,1095.882,2062.176,1297.949,942.080,673.561,,,218.281,14.585,0.000,0.000,223.391,15.208,0.000,0.000,224.453,15.429,0.000,0.000,1719952449.000,1719952509.000,0.564
2024-07-02 15:35:26,157.000,703.000,21.900,23.600,36.700,1081.412,1954.386,1233.128,939.520,641.073,,,12.750,206.580,0.000,0.000,12.750,205.042,0.000,0.000,11.063,204.300,0.000,0.000,1719952509.000,1719952526.000,0.566
2024-07-02 15:36:19,168.000,693.000,23.400,23.700,38.400,847.118,1552.211,978.308,820.000,505.951,,,21.375,211.931,0.000,0.000,21.188,210.444,0.000,0.000,21.375,210.836,0.000,0.000,1719952550.000,1719952579.000,0.562
2024-07-02 15:37:18,169.000,690.000,23.600,23.600,38.600,1208.471,2127.368,1377.128,1016.000,712.488,,,320.125,254.935,0.000,0.000,322.938,256.334,0.000,0.000,232.406,16.038,0.000,0.000,1719952579.000,1719952638.000,0.563
2024-07-02 15:38:18,168.000,681.000,23.700,23.400,38.800,1311.882,2355.421,1508.846,1083.480,774.878,,,213.141,14.221,0.000,0.000,218.203,14.841,0.000,0.000,12.188,205.083,0.000,0.000,1719952638.000,1719952698.000,0.559
2024-07-02 15:39:18,170.000,688.000,23.800,23.300,38.800,1347.794,2432.053,1554.154,1114.920,798.219,,,19.125,210.917,0.000,0.000,19.688,209.811,0.000,0.000,217.516,14.945,0.000,0.000,1719952698.000,1719952758.000,0.555
2024-07-02 15:40:18,170.000,686.000,23.800,23.200,38.900,1326.353,2393.368,1526.846,1104.720,777.659,,,312.906,253.880,0.000,0.000,316.219,255.297,0.000,0.000,12.375,205.541,0.000,0.000,1719952758.000,1719952818.000,0.555
2024-07-02 15:41:18,0.000,0.000,1.100,23.300,0.000,521.529,884.386,666.769,717.040,259.366,,,219.297,14.661,0.000,0.000,224.188,15.274,0.000,0.000,228.828,15.759,0.000,0.000,1719952818.000,1719952878.000,0.557
2024-07-02 15:42:18,156.000,702.000,21.800,23.500,36.600,1160.294,2337.474,1518.154,1085.760,777.659,,,14.625,208.052,0.000,0.000,15.188,206.883,0.000,0.000,10.313,204.154,0.000,0.000,1719952878.000,1719952938.000,0.554
2024-07-02 15:43:18,156.000,697.000,21.900,23.500,36.800,1289.823,2318.158,1471.231,1166.520,745.390,,,317.844,254.967,0.000,0.000,320.750,256.366,0.000,0.000,230.375,15.876,0.000,0.000,1719952938.000,1719952998.000,0.554
2024-07-02 15:44:18,158.000,702.000,22.000,23.500,36.900,1493.735,2694.790,1728.308,1288.320,888.293,,,213.953,14.275,0.000,0.000,218.891,14.862,0.000,0.000,12.000,205.512,0.000,0.000,1719952998.000,1719953058.000,0.553
2024-07-02 15:45:18,158.000,700.000,22.000,23.600,36.900,1527.441,2755.579,1767.385,1321.920,917.561,,,18.563,211.036,0.000,0.000,19.125,209.881,0.000,0.000,221.141,15.169,0.000,0.000,1719953058.000,1719953118.000,0.555
2024-07-02 15:46:18,158.000,700.000,22.000,23.600,36.900,1530.177,2827.105,1763.308,1326.960,920.561,,,314.594,254.316,0.000,0.000,317.781,255.720,0.000,0.000,12.375,205.944,0.000,0.000,1719953118.000,1719953178.000,0.555
2024-07-02 15:47:18,147.000,700.000,20.800,24.000,35.500,1834.853,3293.842,2111.385,1498.440,1096.902,,,219.734,14.651,0.000,0.000,224.641,15.271,0.000,0.000,231.656,15.944,0.000,0.000,1719953178.000,1719953238.000,0.549
2024-07-02 15:48:18,148.000,697.000,21.000,23.800,35.700,1810.059,3291.263,2086.615,1474.920,1096.610,,,13.500,207.892,0.000,0.000,13.875,206.656,0.000,0.000,9.938,204.555,0.000,0.000,1719953238.000,1719953298.000,0.555
2024-07-02 15:49:18,147.000,689.000,21.100,23.700,35.800,1690.588,3045.368,1945.923,1378.680,1013.854,,,319.688,255.135,0.000,0.000,322.688,256.544,0.000,0.000,231.234,15.891,0.000,0.000,1719953298.000,1719953358.000,0.560
2024-07-02 15:50:18,148.000,689.000,21.200,23.600,35.900,1487.206,2687.526,1709.538,1218.360,882.878,,,213.516,14.208,0.000,0.000,218.547,14.801,0.000,0.000,12.000,205.822,0.000,0.000,1719953358.000,1719953418.000,0.566
2024-07-02 15:51:18,147.000,679.000,21.300,23.500,36.100,1282.147,2304.526,1461.769,1092.960,742.390,,,18.750,211.437,0.000,0.000,19.500,210.286,0.000,0.000,222.094,15.240,0.000,0.000,1719953418.000,1719953478.000,0.566
2024-07-02 15:52:18,138.000,681.000,20.200,23.600,34.800,1410.971,2503.474,1611.308,1180.920,811.976,,,314.625,254.652,0.000,0.000,317.719,256.041,0.000,0.000,12.563,206.190,0.000,0.000,1719953478.000,1719953538.000,0.562
2024-07-02 15:53:18,139.000,676.000,20.400,23.600,35.100,1486.500,2681.790,1706.308,1243.800,870.146,,,220.703,14.737,0.000,0.000,225.391,15.317,0.000,0.000,233.453,16.079,0.000,0.000,1719953538.000,1719953598.000,0.564
2024-07-02 15:54:18,140.000,674.000,20.600,23.500,35.300,1496.118,2712.263,1713.385,1251.000,873.073,,,13.875,208.311,0.000,0.000,14.063,207.044,0.000,0.000,10.125,204.833,0.000,0.000,1719953598.000,1719953658.000,0.568
2024-07-02 15:55:18,141.000,677.000,20.700,23.400,35.300,1557.882,2806.158,1789.923,1285.560,908.122,,,320.313,255.501,0.000,0.000,323.125,256.889,0.000,0.000,233.672,16.076,0.000,0.000,1719953658.000,1719953718.000,0.568
2024-07-02 15:56:18,142.000,681.000,20.700,23.400,35.300,1655.294,2914.895,1884.000,1328.520,956.415,,,214.438,14.269,0.000,0.000,219.297,14.847,0.000,0.000,12.000,206.035,0.000,0.000,1719953718.000,1719953778.000,0.566

